slug,name,image,published
first,First,https://jew.ski/comics/_images/first.png,2018-01-25T04:55:18.000Z
innovation,Innovation,https://jew.ski/comics/_images/innovation.png,2018-01-27T18:49:08.000Z
plus-one,Plus one,https://jew.ski/comics/_images/plus-one.png,2018-01-27T21:51:32.000Z
cya,Cya,https://jew.ski/comics/_images/cya.png,2018-01-27T22:13:59.000Z
salty,Salty,https://jew.ski/comics/_images/salty.png,2018-01-27T23:04:11.000Z
unsaid,Unsaid,https://jew.ski/comics/_images/unsaid.png,2018-01-27T23:26:59.000Z
lamboon,Lamboon,https://jew.ski/comics/_images/lamboon.png,2018-01-28T16:14:05.000Z
kikkoman,Kikkoman,https://jew.ski/comics/_images/kikkoman.png,2018-01-30T02:30:12.000Z
preach,Preach,https://jew.ski/comics/_images/preach.png,2018-02-09T03:21:16.000Z
penalty,Penalty,https://jew.ski/comics/_images/penalty.png,2018-02-10T02:00:34.000Z
king,King,https://jew.ski/comics/_images/king.png,2018-02-11T06:45:35.000Z
moving-in,Moving in,https://jew.ski/comics/_images/moving-in.png,2018-02-24T05:19:11.000Z
eight-seconds,Eight seconds,https://jew.ski/comics/_images/eight-seconds.png,2018-03-21T01:36:25.000Z
breath,Breath,https://jew.ski/comics/_images/breath.png,2018-04-18T00:18:34.000Z
debt,Debt,https://jew.ski/comics/_images/debt.png,2018-09-21T04:43:05.000Z
whale,Whale,https://jew.ski/comics/_images/whale.png,2018-09-21T05:14:50.000Z
conserve,Conserve,https://jew.ski/comics/_images/conserve.png,2018-09-29T05:10:08.000Z
needy,Needy,https://jew.ski/comics/_images/needy.jpg,2018-10-05T06:25:49.000Z
counciler,Counciler,https://jew.ski/comics/_images/counciler.png,2018-10-05T07:11:10.000Z
sounds,Sounds,https://jew.ski/comics/_images/sounds.png,2018-10-06T04:32:04.000Z
bundle,Bundle,https://jew.ski/comics/_images/bundle.png,2018-10-08T05:41:12.000Z
pull,Pull,https://jew.ski/comics/_images/pull.png,2018-10-08T06:20:29.000Z
weep,Weep,https://jew.ski/comics/_images/weep.png,2018-10-08T06:50:17.000Z
alignment,Alignment,https://jew.ski/comics/_images/alignment.png,2018-10-09T03:12:47.000Z
tank,Tank,https://jew.ski/comics/_images/tank.png,2018-10-09T04:19:35.000Z
offput,Offput,https://jew.ski/comics/_images/offput.png,2018-10-12T04:57:13.000Z
midterm,Midterm,https://jew.ski/comics/_images/midterm.png,2018-10-15T03:38:25.000Z
what,What,https://jew.ski/comics/_images/what.png,2018-10-15T05:03:39.000Z
temper,Temper,https://jew.ski/comics/_images/temper.png,2018-10-25T05:07:42.000Z
bust,Bust,https://jew.ski/comics/_images/bust.png,2018-10-25T05:46:55.000Z
showing,Showing,https://jew.ski/comics/_images/showing.png,2018-10-25T06:34:42.000Z
mush,Mush,https://jew.ski/comics/_images/mush.png,2018-11-07T07:02:02.000Z
letter,Letter,https://jew.ski/comics/_images/letter.png,2018-11-07T07:40:03.000Z
firework,Firework,https://jew.ski/comics/_images/firework.png,2018-11-07T08:00:35.000Z
office,Office,https://jew.ski/comics/_images/office.png,2018-12-12T05:30:49.000Z
opine,Opine,https://jew.ski/comics/_images/opine.png,2018-12-12T06:11:59.000Z
framed,Framed,https://jew.ski/comics/_images/framed.png,2018-12-15T07:34:27.000Z
prejudice,Prejudice,https://jew.ski/comics/_images/prejudice.png,2019-01-03T07:28:21.000Z
selfish,Selfish,https://jew.ski/comics/_images/selfish.png,2019-01-04T06:31:26.000Z
kiss,Kiss,https://jew.ski/comics/_images/kiss.png,2019-01-04T07:14:50.000Z
regret,Regret,https://jew.ski/comics/_images/regret.png,2019-01-05T06:44:56.000Z
showoff,Showoff,https://jew.ski/comics/_images/showoff.png,2019-01-09T05:43:03.000Z
pounding,Pounding,https://jew.ski/comics/_images/pounding.png,2019-01-09T06:37:07.000Z
wedding,Wedding,https://jew.ski/comics/_images/wedding.png,2019-01-18T07:36:10.000Z
houseless,Houseless,https://jew.ski/comics/_images/houseless.png,2019-01-22T05:48:49.000Z
cashier,Cashier,https://jew.ski/comics/_images/cashier.png,2019-01-27T07:35:38.000Z
evolve,Evolve,https://jew.ski/comics/_images/evolve.png,2019-01-28T07:55:12.000Z
reach,Reach,https://jew.ski/comics/_images/reach.png,2019-02-22T05:43:12.000Z
locks,Locks,https://jew.ski/comics/_images/locks.png,2019-02-22T06:40:54.000Z
lift,Lift,https://jew.ski/comics/_images/lift.png,2019-03-04T06:51:25.000Z
well,Well,https://jew.ski/comics/_images/well.png,2019-03-04T07:15:27.000Z
spark,Spark,https://jew.ski/comics/_images/spark.png,2019-03-04T08:36:57.000Z
sing,Sing,https://jew.ski/comics/_images/sing.png,2019-03-06T05:56:56.000Z
stable,Stable,https://jew.ski/comics/_images/stable.png,2019-03-07T07:08:15.000Z
answer,Answer,https://jew.ski/comics/_images/answer.png,2019-03-07T07:38:43.000Z
handle,Handle,https://jew.ski/comics/_images/handle.png,2019-03-08T05:55:25.000Z
hunky,Hunky,https://jew.ski/comics/_images/hunky.png,2019-03-13T05:18:00.000Z
beef,Beef,https://jew.ski/comics/_images/beef.png,2019-03-16T03:09:14.000Z
sharp,Sharp,https://jew.ski/comics/_images/sharp.png,2019-03-16T04:09:27.000Z
touching,Touching,https://jew.ski/comics/_images/touching.png,2019-03-16T22:03:32.000Z
dream,Dream,https://jew.ski/comics/_images/dream.png,2019-03-16T22:21:21.000Z
interest,Interest,https://jew.ski/comics/_images/interest.png,2019-04-04T06:52:57.000Z
eggs,Eggs,https://jew.ski/comics/_images/eggs.png,2019-04-12T05:02:24.000Z
fly,Fly,https://jew.ski/comics/_images/fly.png,2019-05-01T05:15:10.000Z
cupcake,Cupcake,https://jew.ski/comics/_images/cupcake.png,2019-06-18T05:41:50.000Z
filtering,Filtering,https://jew.ski/comics/_images/filtering.png,2019-06-18T06:23:51.000Z
schism,Schism,https://jew.ski/comics/_images/schism.png,2019-07-05T03:32:21.000Z
meal,Meal,https://jew.ski/comics/_images/meal.png,2019-07-09T05:42:00.000Z
cursor,Cursor,https://jew.ski/comics/_images/cursor.png,2019-07-09T06:01:57.000Z
names,Names,https://jew.ski/comics/_images/names.png,2019-07-09T06:43:47.000Z
ocean,Ocean,https://jew.ski/comics/_images/ocean.png,2019-08-15T04:29:41.000Z
ant,Ant,https://jew.ski/comics/_images/ant.png,2019-08-15T04:50:50.000Z
hold,Hold,https://jew.ski/comics/_images/hold.png,2019-08-15T05:58:06.000Z
son,Son,https://jew.ski/comics/_images/son.png,2019-08-26T05:55:09.000Z
genre,Genre,https://jew.ski/comics/_images/genre.png,2019-08-26T06:25:42.000Z
gravity,Gravity,https://jew.ski/comics/_images/gravity.png,2019-08-26T06:52:29.000Z
giraffe,Giraffe,https://jew.ski/comics/_images/giraffe.png,2019-08-26T07:01:21.000Z
balloon,Balloon,https://jew.ski/comics/_images/balloon.png,2019-09-08T06:38:38.000Z
trapazoid,Trapazoid,https://jew.ski/comics/_images/trapazoid.png,2019-09-08T07:35:37.000Z
wall,Wall,https://jew.ski/comics/_images/wall.png,2019-09-08T08:13:18.000Z
choke,Choke,https://jew.ski/comics/_images/choke.png,2019-09-15T18:04:01.000Z
allergy,Allergy,https://jew.ski/comics/_images/allergy.png,2019-09-15T18:09:12.000Z
five,Five,https://jew.ski/comics/_images/five.png,2019-09-15T18:47:20.000Z
faith,Faith,https://jew.ski/comics/_images/faith.png,2019-09-20T06:53:57.841Z
sad,Sad,https://jew.ski/comics/_images/sad.png,2019-09-22T05:52:42.449Z
rip,Rip,https://jew.ski/comics/_images/rip.png,2019-09-22T06:29:38.226Z
gel,Gel,https://jew.ski/comics/_images/gel.png,2019-10-05T03:35:07.581Z
bed,Bed,https://jew.ski/comics/_images/bed.png,2019-10-06T04:54:49.339Z
smear,Smear,https://jew.ski/comics/_images/smear.png,2019-10-06T05:14:45.973Z
unless,Unless,https://jew.ski/comics/_images/unless.png,2019-10-07T06:25:44.160Z
collar,Collar,https://jew.ski/comics/_images/collar.png,2019-10-07T06:57:32.510Z
belated,Belated,https://jew.ski/comics/_images/belated.png,2019-10-09T06:52:57.518Z
condensation,Condensation,https://jew.ski/comics/_images/condensation.png,2019-10-15T06:36:47.427Z
retie,Retie,https://jew.ski/comics/_images/retie.png,2019-10-17T04:15:46.677Z
significant,Significant,https://jew.ski/comics/_images/significant.png,2019-10-20T06:06:25.295Z
read,Read,https://jew.ski/comics/_images/read.png,2019-10-20T19:26:53.197Z
psychic,Psychic,https://jew.ski/comics/_images/psychic.png,2019-10-20T21:15:41.503Z
onions,Onions,https://jew.ski/comics/_images/onions.png,2019-10-27T04:30:30.660Z
seasonal,Seasonal,https://jew.ski/comics/_images/seasonal.png,2019-11-02T06:50:58.713Z
bun,Bun,https://jew.ski/comics/_images/bun.png,2019-11-11T06:44:01.660Z
present,Present,https://jew.ski/comics/_images/present.png,2019-12-25T23:03:29.858Z
treatment,Treatment,https://jew.ski/comics/_images/treatment.png,2019-12-25T23:41:22.292Z
emergency,Emergency,https://jew.ski/comics/_images/emergency.png,2020-01-12T06:49:45.979Z
meet,Meet,https://jew.ski/comics/_images/meet.png,2020-01-12T08:14:40.853Z
captured,Captured,https://jew.ski/comics/_images/captured.png,2020-02-24T02:42:25.518Z
lucid,Lucid,https://jew.ski/comics/_images/lucid.png,2020-02-24T05:04:39.885Z
rocket,Rocket,https://jew.ski/comics/_images/rocket.png,2020-02-24T07:57:51.180Z
book,Book,https://jew.ski/comics/_images/book.png,2020-02-27T08:27:35.296Z
cookies,Cookies,https://jew.ski/comics/_images/cookies.png,2020-03-02T08:28:46.966Z
control,Control,https://jew.ski/comics/_images/control.png,2020-03-03T05:18:15.786Z
vroom,Vroom,https://jew.ski/comics/_images/vroom.png,2020-03-05T06:14:46.526Z
admittance,Admittance,https://jew.ski/comics/_images/admittance.png,2020-03-06T04:18:12.987Z
cooped,Cooped,https://jew.ski/comics/_images/cooped.png,2020-03-12T05:33:12.988Z
pandemic,Pandemic,https://jew.ski/comics/_images/pandemic.png,2020-03-12T07:03:22.431Z
demand,Demand,https://jew.ski/comics/_images/demand.png,2020-03-14T03:27:14.017Z
ladybug,Ladybug,https://jew.ski/comics/_images/ladybug.png,2020-03-17T07:24:21.075Z
calm,Calm,https://jew.ski/comics/_images/calm.png,2020-03-18T06:08:54.738Z
hugs,Hugs,https://jew.ski/comics/_images/hugs.png,2020-03-18T06:36:17.463Z
seeing,Seeing,https://jew.ski/comics/_images/seeing.png,2020-03-21T03:40:37.767Z
meerkat,Meerkat,https://jew.ski/comics/_images/meerkat.png,2020-03-23T06:48:06.670Z
callus,Callus,https://jew.ski/comics/_images/callus.png,2020-04-12T21:24:18.990Z
tap,Tap,https://jew.ski/comics/_images/tap.png,2020-05-04T04:52:42.846Z
alone,Alone,https://jew.ski/comics/_images/alone.png,2020-05-17T03:46:03.688Z
brocoflour,Brocoflour,https://jew.ski/comics/_images/brocoflour.png,2020-05-25T21:09:19.239Z
deer,Deer,https://jew.ski/comics/_images/deer.png,2020-05-26T04:10:53.367Z
fit,Fit,https://jew.ski/comics/_images/fit.png,2020-06-23T03:35:08.481Z
spy,Spy,https://jew.ski/comics/_images/spy.png,2020-06-29T02:38:56.322Z
boyfriend,Boyfriend,https://jew.ski/comics/_images/boyfriend.png,2020-06-29T04:21:42.147Z
fainted,Fainted,https://jew.ski/comics/_images/fainted.png,2020-07-12T03:14:57.322Z
spoilers,Spoilers,https://jew.ski/comics/_images/spoilers.png,2020-07-27T02:43:39.755Z
row,Row,https://jew.ski/comics/_images/row.png,2020-07-27T03:54:02.373Z
steps,Steps,https://jew.ski/comics/_images/steps.png,2020-08-10T02:48:06.409Z
tonic,Tonic,https://jew.ski/comics/_images/tonic.png,2020-08-19T03:11:49.895Z
daylight,Daylight,https://jew.ski/comics/_images/daylight.png,2020-08-20T02:59:07.688Z
toilet,Toilet,https://jew.ski/comics/_images/toilet.png,2020-08-20T03:54:06.644Z
conflict,Conflict,https://jew.ski/comics/_images/conflict.png,2020-08-27T03:17:35.335Z
meiosis,Meiosis,https://jew.ski/comics/_images/meiosis.png,2020-09-12T20:25:40.636Z
jack,Jack,https://jew.ski/comics/_images/jack.png,2020-09-12T21:08:59.157Z
tomato,Tomato,https://jew.ski/comics/_images/tomato.png,2020-09-12T22:27:28.219Z
peas,Peas,https://jew.ski/comics/_images/peas.png,2020-09-13T03:18:25.721Z
house,House,https://jew.ski/comics/_images/house.png,2020-09-16T03:41:39.751Z
doctorate,Doctorate,https://jew.ski/comics/_images/doctorate.png,2020-10-06T03:59:31.611Z
like,Like,https://jew.ski/comics/_images/like.png,2020-10-08T02:09:19.995Z
metaling,Metaling,https://jew.ski/comics/_images/metaling.png,2020-10-08T03:01:58.775Z
conductor,Conductor,https://jew.ski/comics/_images/conductor.png,2020-10-27T03:31:00.139Z
shoot,Shoot,https://jew.ski/comics/_images/shoot.png,2020-11-12T02:08:54.104Z
paws,Paws,https://jew.ski/comics/_images/paws.png,2020-11-26T20:29:01.649Z
voice,Voice,https://jew.ski/comics/_images/voice.png,2020-11-26T23:36:09.104Z
victim,Victim,https://jew.ski/comics/_images/victim.png,2020-11-27T03:50:53.242Z
snack,Snack,https://jew.ski/comics/_images/snack.png,2020-11-28T21:09:44.630Z
daisy,Daisy,https://jew.ski/comics/_images/daisy.png,2020-11-29T02:56:39.666Z
workout,Workout,https://jew.ski/comics/_images/workout.png,2020-11-29T04:29:40.350Z
confession,Confession,https://jew.ski/comics/_images/confession.png,2020-11-29T22:03:24.924Z
mistake,Mistake,https://jew.ski/comics/_images/mistake.png,2020-11-30T02:08:19.415Z
harvest,Harvest,https://jew.ski/comics/_images/harvest.png,2020-11-30T06:00:28.997Z
wish,Wish,https://jew.ski/comics/_images/wish.png,2020-12-03T04:36:55.059Z
dark,Dark,https://jew.ski/comics/_images/dark.png,2020-12-10T23:11:00.750Z
sled,Sled,https://jew.ski/comics/_images/sled.png,2020-12-25T19:15:56.238Z
snow,Snow,https://jew.ski/comics/_images/snow.png,2020-12-26T08:03:36.676Z
therapy,Therapy,https://jew.ski/comics/_images/therapy.png,2021-01-23T18:57:13.642Z
meteor,Meteor,https://jew.ski/comics/_images/meteor.png,2021-01-23T20:47:45.022Z
wrenching,Wrenching,https://jew.ski/comics/_images/wrenching.png,2021-01-23T22:35:37.921Z
shell,Shell,https://jew.ski/comics/_images/shell.png,2021-02-05T07:26:19.124Z
clear,Clear,https://jew.ski/comics/_images/clear.png,2021-02-20T23:15:12.509Z
sea,Sea,https://jew.ski/comics/_images/sea.png,2021-03-21T00:20:10.268Z
blast,Blast,https://jew.ski/comics/_images/blast.png,2021-04-16T21:07:00.425Z